status,count,mean,std,min,25%,50%,75%,max
closed,7139.0,2578.073218782587,6978.44562115939,0.0002777777777777778,0.9155555555555556,86.28583333333333,1610.5631944444444,83542.63972222223
merged,11295.0,371.08840664502486,1704.3337290372765,0.0008333333333333334,0.8541666666666667,14.62138888888889,100.56680555555556,35778.8525
