reviews_count,count,mean,std,min,25%,50%,75%,max
0,18355.0,1253.8469440055692,4748.158494659857,0.0002777777777777778,0.9270833333333333,21.834444444444443,288.3113888888889,83542.63972222223
