reviews_count,count,mean,std,min,25%,50%,75%,max
0,18434.0,1225.7951753251841,4668.374612959567,0.0002777777777777778,0.8674305555555556,22.10388888888889,294.19194444444446,83542.63972222223
